Political Affiliation,Mean,Median,StdDev,p25,p75,n
-,348764.5950897157,154382.142203033,688347.1163740902,54082.682525367,331875.011659454,157
